{
  "src/middleware.ts": 1775852465.3306358,
  "src/app/robots.ts": 1775808825.2124758,
  "src/app/sitemap.ts": 1775822384.582242,
  "src/app/layout.tsx": 1775853670.276093,
  "src/app/manifest.ts": 1774880596.7779944,
  "src/app/page.tsx": 1775901266.281747,
  "src/app/daily-challenge/layout.tsx": 1775808825.2006357,
  "src/app/daily-challenge/page.tsx": 1774077743.7863414,
  "src/app/llms.txt/route.ts": 1775822384.5809772,
  "src/app/learn/page.tsx": 1775808825.2113574,
  "src/app/learn/[vertical]/[slug]/page.tsx": 1775822384.580813,
  "src/app/privacy/page.tsx": 1774082169.148632,
  "src/app/signup/layout.tsx": 1775808825.2133567,
  "src/app/signup/page.tsx": 1774653669.2500153,
  "src/app/terms/page.tsx": 1774082194.548316,
  "src/app/admin/layout.tsx": 1774652854.4325266,
  "src/app/admin/page.tsx": 1775853862.44016,
  "src/app/leaderboard/layout.tsx": 1775808825.209541,
  "src/app/leaderboard/page.tsx": 1774653669.2491224,
  "src/app/explore/layout.tsx": 1775853371.8663275,
  "src/app/explore/page.tsx": 1774653669.2478263,
  "src/app/dashboard/page.tsx": 1775901266.2812653,
  "src/app/social/layout.tsx": 1775808825.2137315,
  "src/app/social/page.tsx": 1774880596.778213,
  "src/app/invite/layout.tsx": 1775808825.2066667,
  "src/app/invite/page.tsx": 1774653669.2483838,
  "src/app/interview-prep/layout.tsx": 1775808825.2060544,
  "src/app/interview-prep/page.tsx": 1775506979.8979733,
  "src/app/notes/NoteEditor.tsx": 1775849505.6136594,
  "src/app/notes/NoteList.tsx": 1775849536.5272648,
  "src/app/notes/page.tsx": 1775841836.7608247,
  "src/app/interview-sprint/page.tsx": 1775506979.8981864,
  "src/app/role-roadmaps/page.tsx": 1775808825.2129803,
  "src/app/api/daily-challenge/route.ts": 1775808825.1971674,
  "src/app/api/generated-lessons/route.ts": 1774880596.7780292,
  "src/app/api/auth/google/route.ts": 1774652854.4338775,
  "src/app/api/auth/google/callback/route.ts": 1775808825.1933906,
  "src/app/api/auth/signup/route.ts": 1774880596.7779434,
  "src/app/api/auth/me/route.ts": 1775506979.892832,
  "src/app/api/auth/login/route.ts": 1775808825.1937876,
  "src/app/api/lesson-attempts/route.ts": 1775506979.8950057,
  "src/app/api/shop/route.ts": 1775808825.1984267,
  "src/app/api/admin/email-analytics/route.ts": 1774652854.433137,
  "src/app/api/admin/ai-company/route.ts": 1775808825.1919718,
  "src/app/api/admin/ai-company/logs/route.ts": 1775822384.5786328,
  "src/app/api/admin/ai-company/runs/route.ts": 1775822384.5789144,
  "src/app/api/admin/grant-upi-pro/route.ts": 1774652854.4333665,
  "src/app/api/admin/coupon/route.ts": 1775808825.1924417,
  "src/app/api/admin/users/route.ts": 1775808825.1927264,
  "src/app/api/admin/send-test-emails/route.ts": 1774652854.4335232,
  "src/app/api/admin/cleanup-weak-ai-lessons/route.ts": 1774652854.43292,
  "src/app/api/admin/stats/route.ts": 1774261961.5484748,
  "src/app/api/content/publish/route.ts": 1774652854.434434,
  "src/app/api/user/streak/route.ts": 1773985025.8417923,
  "src/app/api/user/learning-goal/route.ts": 1775506979.8956156,
  "src/app/api/user/streak-freeze/route.ts": 1773985020.7154489,
  "src/app/api/user/stats/route.ts": 1775808825.1988742,
  "src/app/api/leaderboard/route.ts": 1773985004.5297575,
  "src/app/api/coupon/validate/route.ts": 1775808825.1944861,
  "src/app/api/unsubscribe/route.ts": 1774652854.4360745,
  "src/app/api/checkout/route.ts": 1775808825.1943321,
  "src/app/api/explore/available-topics/route.ts": 1774652854.4352868,
  "src/app/api/explore/ready-topics/route.ts": 1774262384.2993844,
  "src/app/api/job-targets/route.ts": 1775506979.8946261,
  "src/app/api/learning-plans/route.ts": 1774653145.4414606,
  "src/app/api/social/follow/route.ts": 1773986335.0540526,
  "src/app/api/social/challenges/route.ts": 1774652854.4359822,
  "src/app/api/social/search/route.ts": 1773986326.8664722,
  "src/app/api/social/feed/route.ts": 1773986344.193366,
  "src/app/api/invite/route.ts": 1775853371.8685777,
  "src/app/api/interview-prep/route.ts": 1775506979.8943157,
  "src/app/api/readiness/route.ts": 1774653145.4418306,
  "src/app/api/lessons/route.ts": 1774170730.2169678,
  "src/app/api/lessons/[id]/route.ts": 1774171261.5337667,
  "src/app/api/lessons/[id]/complete/route.ts": 1774261961.5489979,
  "src/app/api/daily-drill/route.ts": 1774653145.4412045,
  "src/app/api/generate-lesson/route.ts": 1774652854.4354782,
  "src/app/api/jobs/route.ts": 1774652854.4356673,
  "src/app/api/customer-portal/route.ts": 1774652854.4351895,
  "src/app/api/og/route.tsx": 1774652854.435761,
  "src/app/api/webhooks/dodo-payments/route.ts": 1775808825.199217,
  "src/app/api/webhooks/resend/route.ts": 1774652854.4363043,
  "src/app/api/earn-back/route.ts": 1775808825.1975377,
  "src/app/api/paywall/state/route.ts": 1774653145.4417398,
  "src/app/api/notifications/route.ts": 1774075010.9611464,
  "src/app/api/billing/webhook/revenuecat/route.ts": 1774261961.5495872,
  "src/app/api/billing/prices/route.ts": 1774261961.5409775,
  "src/app/api/billing/portal/route.ts": 1774261961.5492501,
  "src/app/api/billing/me/route.ts": 1774261961.5408819,
  "src/app/api/billing/sync/route.ts": 1774261961.549164,
  "src/app/api/billing/start-trial/route.ts": 1775853427.0941513,
  "src/app/api/billing/mock-upgrade/route.ts": 1774652854.434218,
  "src/app/api/onboarding/route.ts": 1775506979.8952093,
  "src/app/api/cron/daily-emails/route.ts": 1775808825.194862,
  "src/app/api/cron/refresh-credits/route.ts": 1774652854.4350038,
  "src/app/api/cron/intent-mapper/route.ts": 1775822384.5800338,
  "src/app/api/cron/generate-seo/route.ts": 1775822384.5790315,
  "src/app/api/cron/scrape-jobs/route.ts": 1775808825.1968815,
  "src/app/api/cron/performance-refiner/route.ts": 1775822384.5804076,
  "src/app/api/cron/linkedin-jobs/route.ts": 1775506979.8935177,
  "src/app/api/cron/seo-indexnow/route.ts": 1775822384.5805285,
  "src/app/api/cron/ingest-leader-content/route.ts": 1775808825.1955154,
  "src/app/api/indexnow/route.ts": 1775808825.197989,
  "src/app/api/share/route.ts": 1773988615.045603,
  "src/app/lesson/[id]/page.tsx": 1774171008.6540222,
  "src/app/jobs/layout.tsx": 1775808825.2074864,
  "src/app/jobs/page.tsx": 1774653703.4030743,
  "src/app/community/page.tsx": 1775847185.7120166,
  "src/app/pricing/page.tsx": 1775853419.1542444,
  "src/app/login/layout.tsx": 1775808825.2118993,
  "src/app/login/page.tsx": 1774653669.2492828,
  "src/app/onboarding/page.tsx": 1775822384.5813928,
  "src/emails/pro-nudge.tsx": 1775808825.2167897,
  "src/emails/marketing-70-off.tsx": 1775808825.2162366,
  "src/emails/pro-winback.tsx": 1774652854.4435394,
  "src/emails/milestone.tsx": 1774652854.4433467,
  "src/emails/challenge-accepted.tsx": 1774652854.4428103,
  "src/emails/day2-nudge.tsx": 1774652854.443112,
  "src/emails/streak-at-risk.tsx": 1774652854.4437683,
  "src/emails/layout.tsx": 1774652854.4432368,
  "src/emails/welcome.tsx": 1774652854.4443433,
  "src/emails/challenge-received.tsx": 1774652854.442966,
  "src/emails/reengagement.tsx": 1774652854.4436424,
  "src/emails/weekly-digest.tsx": 1774652854.443881,
  "src/components/ShareCard.tsx": 1773988858.7672706,
  "src/components/Navbar.tsx": 1775822384.5826182,
  "src/components/JsonLd.tsx": 1775808825.2147126,
  "src/components/GoogleAnalyticsInit.tsx": 1774652854.4398978,
  "src/components/GoalSelectionModal.tsx": 1775506979.9049478,
  "src/components/LessonCard.tsx": 1774652854.4404693,
  "src/components/PricingPageTrialCTA.tsx": 1775852465.326994,
  "src/components/XPProgress.tsx": 1774261961.5407708,
  "src/components/StreakCelebration.tsx": 1773997225.2457092,
  "src/components/ProModal.tsx": 1775808825.2158897,
  "src/components/PricingBannerModal.tsx": 1775808825.2156034,
  "src/components/SafariBar.tsx": 1774652854.4425051,
  "src/components/YouTubeEmbed.tsx": 1773986548.9463215,
  "src/components/CampaignTracker.tsx": 1775506979.9045904,
  "src/components/BrowserLink.tsx": 1774652854.4398348,
  "src/components/HomepageTrialButton.tsx": 1775852465.3288054,